month,total_revenue,total_profit,weighted_margin
2025-01,12000,2500,0.20833333333333334
2025-02,32000,19100,0.596875
2025-03,12000,4000,0.3333333333333333
